C:\DataCar\Tracker\IMG\center_2021_08_12_20_33_27_878.jpg, C:\DataCar\Tracker\IMG\left_2021_08_12_20_33_27_878.jpg, C:\DataCar\Tracker\IMG\right_2021_08_12_20_33_27_878.jpg, 0, 0, 0, 7.832023E-05
C:\DataCar\Tracker\IMG\center_2021_08_12_20_33_27_985.jpg, C:\DataCar\Tracker\IMG\left_2021_08_12_20_33_27_985.jpg, C:\DataCar\Tracker\IMG\right_2021_08_12_20_33_27_985.jpg, 0, 0, 0, 8.123997E-05
C:\DataCar\Tracker\IMG\center_2021_08_12_20_33_28_091.jpg, C:\DataCar\Tracker\IMG\left_2021_08_12_20_33_28_091.jpg, C:\DataCar\Tracker\IMG\right_2021_08_12_20_33_28_091.jpg, 0, 0, 0, 7.825849E-05
C:\DataCar\Tracker\IMG\center_2021_08_12_20_33_28_192.jpg, C:\DataCar\Tracker\IMG\left_2021_08_12_20_33_28_192.jpg, C:\DataCar\Tracker\IMG\right_2021_08_12_20_33_28_192.jpg, 0, 0, 0, 7.822816E-05
C:\DataCar\Tracker\IMG\center_2021_08_12_20_33_28_298.jpg, C:\DataCar\Tracker\IMG\left_2021_08_12_20_33_28_298.jpg, C:\DataCar\Tracker\IMG\right_2021_08_12_20_33_28_298.jpg, 0, 0, 0, 7.998189E-05
C:\DataCar\Tracker\IMG\center_2021_08_12_20_33_28_401.jpg, C:\DataCar\Tracker\IMG\left_2021_08_12_20_33_28_401.jpg, C:\DataCar\Tracker\IMG\right_2021_08_12_20_33_28_401.jpg, 0, 0, 0, 7.82855E-05
C:\DataCar\Tracker\IMG\center_2021_08_12_20_33_28_502.jpg, C:\DataCar\Tracker\IMG\left_2021_08_12_20_33_28_502.jpg, C:\DataCar\Tracker\IMG\right_2021_08_12_20_33_28_502.jpg, 0, 0, 0, 7.802466E-05
C:\DataCar\Tracker\IMG\center_2021_08_12_20_33_28_605.jpg, C:\DataCar\Tracker\IMG\left_2021_08_12_20_33_28_605.jpg, C:\DataCar\Tracker\IMG\right_2021_08_12_20_33_28_605.jpg, 0, 0, 0, 7.860552E-05
C:\DataCar\Tracker\IMG\center_2021_08_12_20_33_28_710.jpg, C:\DataCar\Tracker\IMG\left_2021_08_12_20_33_28_710.jpg, C:\DataCar\Tracker\IMG\right_2021_08_12_20_33_28_710.jpg, 0, 0, 0, 7.788908E-05
C:\DataCar\Tracker\IMG\center_2021_08_12_20_33_28_815.jpg, C:\DataCar\Tracker\IMG\left_2021_08_12_20_33_28_815.jpg, C:\DataCar\Tracker\IMG\right_2021_08_12_20_33_28_815.jpg, 0, 0, 0, 7.997477E-05
C:\DataCar\Tracker\IMG\center_2021_08_12_20_33_28_916.jpg, C:\DataCar\Tracker\IMG\left_2021_08_12_20_33_28_916.jpg, C:\DataCar\Tracker\IMG\right_2021_08_12_20_33_28_916.jpg, 0, 0, 0, 7.909178E-05
C:\DataCar\Tracker\IMG\center_2021_08_12_20_33_29_017.jpg, C:\DataCar\Tracker\IMG\left_2021_08_12_20_33_29_017.jpg, C:\DataCar\Tracker\IMG\right_2021_08_12_20_33_29_017.jpg, 0, 0, 0, 7.860624E-05
C:\DataCar\Tracker\IMG\center_2021_08_12_20_33_29_120.jpg, C:\DataCar\Tracker\IMG\left_2021_08_12_20_33_29_120.jpg, C:\DataCar\Tracker\IMG\right_2021_08_12_20_33_29_120.jpg, 0, 0, 0, 8.143544E-05
C:\DataCar\Tracker\IMG\center_2021_08_12_20_33_29_221.jpg, C:\DataCar\Tracker\IMG\left_2021_08_12_20_33_29_221.jpg, C:\DataCar\Tracker\IMG\right_2021_08_12_20_33_29_221.jpg, 0, 0, 0, 7.822658E-05
C:\DataCar\Tracker\IMG\center_2021_08_12_20_33_29_323.jpg, C:\DataCar\Tracker\IMG\left_2021_08_12_20_33_29_323.jpg, C:\DataCar\Tracker\IMG\right_2021_08_12_20_33_29_323.jpg, 0, 0, 0, 7.870352E-05
C:\DataCar\Tracker\IMG\center_2021_08_12_20_33_29_426.jpg, C:\DataCar\Tracker\IMG\left_2021_08_12_20_33_29_426.jpg, C:\DataCar\Tracker\IMG\right_2021_08_12_20_33_29_426.jpg, 0, 0.1236579, 0, 0.06891759
C:\DataCar\Tracker\IMG\center_2021_08_12_20_33_29_528.jpg, C:\DataCar\Tracker\IMG\left_2021_08_12_20_33_29_528.jpg, C:\DataCar\Tracker\IMG\right_2021_08_12_20_33_29_528.jpg, 0, 0.428976, 0, 0.4062511
C:\DataCar\Tracker\IMG\center_2021_08_12_20_33_29_633.jpg, C:\DataCar\Tracker\IMG\left_2021_08_12_20_33_29_633.jpg, C:\DataCar\Tracker\IMG\right_2021_08_12_20_33_29_633.jpg, 0, 0.7328535, 0, 1.069768
C:\DataCar\Tracker\IMG\center_2021_08_12_20_33_29_737.jpg, C:\DataCar\Tracker\IMG\left_2021_08_12_20_33_29_737.jpg, C:\DataCar\Tracker\IMG\right_2021_08_12_20_33_29_737.jpg, 0, 1, 0, 2.33916
C:\DataCar\Tracker\IMG\center_2021_08_12_20_33_29_843.jpg, C:\DataCar\Tracker\IMG\left_2021_08_12_20_33_29_843.jpg, C:\DataCar\Tracker\IMG\right_2021_08_12_20_33_29_843.jpg, 0, 0.9219202, 0, 3.476152
C:\DataCar\Tracker\IMG\center_2021_08_12_20_33_29_943.jpg, C:\DataCar\Tracker\IMG\left_2021_08_12_20_33_29_943.jpg, C:\DataCar\Tracker\IMG\right_2021_08_12_20_33_29_943.jpg, -0.3020973, 0.6198229, 0, 4.327124
C:\DataCar\Tracker\IMG\center_2021_08_12_20_33_30_049.jpg, C:\DataCar\Tracker\IMG\left_2021_08_12_20_33_30_049.jpg, C:\DataCar\Tracker\IMG\right_2021_08_12_20_33_30_049.jpg, -0.6004182, 0.321502, 0, 4.780957
C:\DataCar\Tracker\IMG\center_2021_08_12_20_33_30_151.jpg, C:\DataCar\Tracker\IMG\left_2021_08_12_20_33_30_151.jpg, C:\DataCar\Tracker\IMG\right_2021_08_12_20_33_30_151.jpg, -0.3732673, 0.02134416, 0, 4.907394
C:\DataCar\Tracker\IMG\center_2021_08_12_20_33_30_255.jpg, C:\DataCar\Tracker\IMG\left_2021_08_12_20_33_30_255.jpg, C:\DataCar\Tracker\IMG\right_2021_08_12_20_33_30_255.jpg, -0.01997977, 0.1744239, 0, 4.928278
C:\DataCar\Tracker\IMG\center_2021_08_12_20_33_30_358.jpg, C:\DataCar\Tracker\IMG\left_2021_08_12_20_33_30_358.jpg, C:\DataCar\Tracker\IMG\right_2021_08_12_20_33_30_358.jpg, 0, 0.485529, 0, 5.306652
C:\DataCar\Tracker\IMG\center_2021_08_12_20_33_30_462.jpg, C:\DataCar\Tracker\IMG\left_2021_08_12_20_33_30_462.jpg, C:\DataCar\Tracker\IMG\right_2021_08_12_20_33_30_462.jpg, 0, 0.7760614, 0, 6.044222
C:\DataCar\Tracker\IMG\center_2021_08_12_20_33_30_564.jpg, C:\DataCar\Tracker\IMG\left_2021_08_12_20_33_30_564.jpg, C:\DataCar\Tracker\IMG\right_2021_08_12_20_33_30_564.jpg, 0, 0.9818104, 0, 7.107953
C:\DataCar\Tracker\IMG\center_2021_08_12_20_33_30_667.jpg, C:\DataCar\Tracker\IMG\left_2021_08_12_20_33_30_667.jpg, C:\DataCar\Tracker\IMG\right_2021_08_12_20_33_30_667.jpg, -0.1655934, 0.6959756, 0, 8.019594
C:\DataCar\Tracker\IMG\center_2021_08_12_20_33_30_771.jpg, C:\DataCar\Tracker\IMG\left_2021_08_12_20_33_30_771.jpg, C:\DataCar\Tracker\IMG\right_2021_08_12_20_33_30_771.jpg, -0.4758512, 0.3857177, 0, 8.511318
C:\DataCar\Tracker\IMG\center_2021_08_12_20_33_30_877.jpg, C:\DataCar\Tracker\IMG\left_2021_08_12_20_33_30_877.jpg, C:\DataCar\Tracker\IMG\right_2021_08_12_20_33_30_877.jpg, -0.6208792, 0.02712476, 0, 8.584535
C:\DataCar\Tracker\IMG\center_2021_08_12_20_33_30_978.jpg, C:\DataCar\Tracker\IMG\left_2021_08_12_20_33_30_978.jpg, C:\DataCar\Tracker\IMG\right_2021_08_12_20_33_30_978.jpg, -0.3183268, 0, 0, 8.518279
C:\DataCar\Tracker\IMG\center_2021_08_12_20_33_31_078.jpg, C:\DataCar\Tracker\IMG\left_2021_08_12_20_33_31_078.jpg, C:\DataCar\Tracker\IMG\right_2021_08_12_20_33_31_078.jpg, -0.01628289, 0, 0, 8.428963
C:\DataCar\Tracker\IMG\center_2021_08_12_20_33_31_181.jpg, C:\DataCar\Tracker\IMG\left_2021_08_12_20_33_31_181.jpg, C:\DataCar\Tracker\IMG\right_2021_08_12_20_33_31_181.jpg, -0.3053992, 0, 0, 8.333325
C:\DataCar\Tracker\IMG\center_2021_08_12_20_33_31_289.jpg, C:\DataCar\Tracker\IMG\left_2021_08_12_20_33_31_289.jpg, C:\DataCar\Tracker\IMG\right_2021_08_12_20_33_31_289.jpg, -0.2739706, 0, 0, 8.2242
C:\DataCar\Tracker\IMG\center_2021_08_12_20_33_31_392.jpg, C:\DataCar\Tracker\IMG\left_2021_08_12_20_33_31_392.jpg, C:\DataCar\Tracker\IMG\right_2021_08_12_20_33_31_392.jpg, 0, 0.06537, 0, 8.148513
C:\DataCar\Tracker\IMG\center_2021_08_12_20_33_31_494.jpg, C:\DataCar\Tracker\IMG\left_2021_08_12_20_33_31_494.jpg, C:\DataCar\Tracker\IMG\right_2021_08_12_20_33_31_494.jpg, 0, 0.4095072, 0, 8.419766
C:\DataCar\Tracker\IMG\center_2021_08_12_20_33_31_598.jpg, C:\DataCar\Tracker\IMG\left_2021_08_12_20_33_31_598.jpg, C:\DataCar\Tracker\IMG\right_2021_08_12_20_33_31_598.jpg, 0, 0.7186971, 0, 9.03967
C:\DataCar\Tracker\IMG\center_2021_08_12_20_33_31_703.jpg, C:\DataCar\Tracker\IMG\left_2021_08_12_20_33_31_703.jpg, C:\DataCar\Tracker\IMG\right_2021_08_12_20_33_31_703.jpg, 0, 1, 0, 10.01037
C:\DataCar\Tracker\IMG\center_2021_08_12_20_33_31_807.jpg, C:\DataCar\Tracker\IMG\left_2021_08_12_20_33_31_807.jpg, C:\DataCar\Tracker\IMG\right_2021_08_12_20_33_31_807.jpg, 0, 1, 0, 11.11761
C:\DataCar\Tracker\IMG\center_2021_08_12_20_33_31_908.jpg, C:\DataCar\Tracker\IMG\left_2021_08_12_20_33_31_908.jpg, C:\DataCar\Tracker\IMG\right_2021_08_12_20_33_31_908.jpg, 0, 1, 0, 11.96683
C:\DataCar\Tracker\IMG\center_2021_08_12_20_33_32_012.jpg, C:\DataCar\Tracker\IMG\left_2021_08_12_20_33_32_012.jpg, C:\DataCar\Tracker\IMG\right_2021_08_12_20_33_32_012.jpg, -0.1144689, 0.6845638, 0, 13.02863
C:\DataCar\Tracker\IMG\center_2021_08_12_20_33_32_116.jpg, C:\DataCar\Tracker\IMG\left_2021_08_12_20_33_32_116.jpg, C:\DataCar\Tracker\IMG\right_2021_08_12_20_33_32_116.jpg, -0.3377232, 0.339942, 0, 13.72469
C:\DataCar\Tracker\IMG\center_2021_08_12_20_33_32_219.jpg, C:\DataCar\Tracker\IMG\left_2021_08_12_20_33_32_219.jpg, C:\DataCar\Tracker\IMG\right_2021_08_12_20_33_32_219.jpg, -0.02594283, 0.02816164, 0, 13.50252
C:\DataCar\Tracker\IMG\center_2021_08_12_20_33_32_321.jpg, C:\DataCar\Tracker\IMG\left_2021_08_12_20_33_32_321.jpg, C:\DataCar\Tracker\IMG\right_2021_08_12_20_33_32_321.jpg, -0.0384333, 0, 0, 13.612
C:\DataCar\Tracker\IMG\center_2021_08_12_20_33_32_421.jpg, C:\DataCar\Tracker\IMG\left_2021_08_12_20_33_32_421.jpg, C:\DataCar\Tracker\IMG\right_2021_08_12_20_33_32_421.jpg, -0.3404049, 0, 0, 13.16304
C:\DataCar\Tracker\IMG\center_2021_08_12_20_33_32_523.jpg, C:\DataCar\Tracker\IMG\left_2021_08_12_20_33_32_523.jpg, C:\DataCar\Tracker\IMG\right_2021_08_12_20_33_32_523.jpg, -0.6411906, 0, 0, 13.16122
C:\DataCar\Tracker\IMG\center_2021_08_12_20_33_32_625.jpg, C:\DataCar\Tracker\IMG\left_2021_08_12_20_33_32_625.jpg, C:\DataCar\Tracker\IMG\right_2021_08_12_20_33_32_625.jpg, -0.7795889, 0, 0, 12.63275
C:\DataCar\Tracker\IMG\center_2021_08_12_20_33_32_735.jpg, C:\DataCar\Tracker\IMG\left_2021_08_12_20_33_32_735.jpg, C:\DataCar\Tracker\IMG\right_2021_08_12_20_33_32_735.jpg, -0.4315133, 0.0846204, 0, 12.38876
C:\DataCar\Tracker\IMG\center_2021_08_12_20_33_32_838.jpg, C:\DataCar\Tracker\IMG\left_2021_08_12_20_33_32_838.jpg, C:\DataCar\Tracker\IMG\right_2021_08_12_20_33_32_838.jpg, -0.1222859, 0.3938478, 0, 13.05564
C:\DataCar\Tracker\IMG\center_2021_08_12_20_33_32_940.jpg, C:\DataCar\Tracker\IMG\left_2021_08_12_20_33_32_940.jpg, C:\DataCar\Tracker\IMG\right_2021_08_12_20_33_32_940.jpg, 0, 0.7005462, 0, 13.32768
C:\DataCar\Tracker\IMG\center_2021_08_12_20_33_33_041.jpg, C:\DataCar\Tracker\IMG\left_2021_08_12_20_33_33_041.jpg, C:\DataCar\Tracker\IMG\right_2021_08_12_20_33_33_041.jpg, 0, 1, 0, 14.36294
C:\DataCar\Tracker\IMG\center_2021_08_12_20_33_33_148.jpg, C:\DataCar\Tracker\IMG\left_2021_08_12_20_33_33_148.jpg, C:\DataCar\Tracker\IMG\right_2021_08_12_20_33_33_148.jpg, 0, 1, 0, 15.33404
C:\DataCar\Tracker\IMG\center_2021_08_12_20_33_33_250.jpg, C:\DataCar\Tracker\IMG\left_2021_08_12_20_33_33_250.jpg, C:\DataCar\Tracker\IMG\right_2021_08_12_20_33_33_250.jpg, 0, 1, 0, 16.44772
C:\DataCar\Tracker\IMG\center_2021_08_12_20_33_33_350.jpg, C:\DataCar\Tracker\IMG\left_2021_08_12_20_33_33_350.jpg, C:\DataCar\Tracker\IMG\right_2021_08_12_20_33_33_350.jpg, 0, 1, 0, 17.45771
C:\DataCar\Tracker\IMG\center_2021_08_12_20_33_33_454.jpg, C:\DataCar\Tracker\IMG\left_2021_08_12_20_33_33_454.jpg, C:\DataCar\Tracker\IMG\right_2021_08_12_20_33_33_454.jpg, 0, 1, 0, 18.51151
C:\DataCar\Tracker\IMG\center_2021_08_12_20_33_33_560.jpg, C:\DataCar\Tracker\IMG\left_2021_08_12_20_33_33_560.jpg, C:\DataCar\Tracker\IMG\right_2021_08_12_20_33_33_560.jpg, 0, 1, 0, 19.73711
C:\DataCar\Tracker\IMG\center_2021_08_12_20_33_33_665.jpg, C:\DataCar\Tracker\IMG\left_2021_08_12_20_33_33_665.jpg, C:\DataCar\Tracker\IMG\right_2021_08_12_20_33_33_665.jpg, 0, 1, 0, 20.74901
C:\DataCar\Tracker\IMG\center_2021_08_12_20_33_33_770.jpg, C:\DataCar\Tracker\IMG\left_2021_08_12_20_33_33_770.jpg, C:\DataCar\Tracker\IMG\right_2021_08_12_20_33_33_770.jpg, -0.100035, 0.7294741, 0, 21.60187
C:\DataCar\Tracker\IMG\center_2021_08_12_20_33_33_871.jpg, C:\DataCar\Tracker\IMG\left_2021_08_12_20_33_33_871.jpg, C:\DataCar\Tracker\IMG\right_2021_08_12_20_33_33_871.jpg, -0.4077921, 0.4217169, 0, 21.97857
C:\DataCar\Tracker\IMG\center_2021_08_12_20_33_33_972.jpg, C:\DataCar\Tracker\IMG\left_2021_08_12_20_33_33_972.jpg, C:\DataCar\Tracker\IMG\right_2021_08_12_20_33_33_972.jpg, -0.1896321, 0.1244967, 0, 22.04803
C:\DataCar\Tracker\IMG\center_2021_08_12_20_33_34_076.jpg, C:\DataCar\Tracker\IMG\left_2021_08_12_20_33_34_076.jpg, C:\DataCar\Tracker\IMG\right_2021_08_12_20_33_34_076.jpg, 0, 0, 0, 21.79925
C:\DataCar\Tracker\IMG\center_2021_08_12_20_33_34_182.jpg, C:\DataCar\Tracker\IMG\left_2021_08_12_20_33_34_182.jpg, C:\DataCar\Tracker\IMG\right_2021_08_12_20_33_34_182.jpg, 0, 0.2269587, 0, 21.60349
C:\DataCar\Tracker\IMG\center_2021_08_12_20_33_34_286.jpg, C:\DataCar\Tracker\IMG\left_2021_08_12_20_33_34_286.jpg, C:\DataCar\Tracker\IMG\right_2021_08_12_20_33_34_286.jpg, 0, 0.5169168, 0, 21.91879
C:\DataCar\Tracker\IMG\center_2021_08_12_20_33_34_389.jpg, C:\DataCar\Tracker\IMG\left_2021_08_12_20_33_34_389.jpg, C:\DataCar\Tracker\IMG\right_2021_08_12_20_33_34_389.jpg, -0.166758, 0.2746917, 0, 22.12076
C:\DataCar\Tracker\IMG\center_2021_08_12_20_33_34_490.jpg, C:\DataCar\Tracker\IMG\left_2021_08_12_20_33_34_490.jpg, C:\DataCar\Tracker\IMG\right_2021_08_12_20_33_34_490.jpg, -0.4702563, 0, 0, 21.99066
C:\DataCar\Tracker\IMG\center_2021_08_12_20_33_34_597.jpg, C:\DataCar\Tracker\IMG\left_2021_08_12_20_33_34_597.jpg, C:\DataCar\Tracker\IMG\right_2021_08_12_20_33_34_597.jpg, -0.4837716, 0, 0, 21.54577
C:\DataCar\Tracker\IMG\center_2021_08_12_20_33_34_703.jpg, C:\DataCar\Tracker\IMG\left_2021_08_12_20_33_34_703.jpg, C:\DataCar\Tracker\IMG\right_2021_08_12_20_33_34_703.jpg, -0.1848477, 0.0836859, 0, 21.19179
C:\DataCar\Tracker\IMG\center_2021_08_12_20_33_34_807.jpg, C:\DataCar\Tracker\IMG\left_2021_08_12_20_33_34_807.jpg, C:\DataCar\Tracker\IMG\right_2021_08_12_20_33_34_807.jpg, 0, 0.3979431, 0, 21.41214
C:\DataCar\Tracker\IMG\center_2021_08_12_20_33_34_913.jpg, C:\DataCar\Tracker\IMG\left_2021_08_12_20_33_34_913.jpg, C:\DataCar\Tracker\IMG\right_2021_08_12_20_33_34_913.jpg, 0, 0.6938874, 0, 21.73351
C:\DataCar\Tracker\IMG\center_2021_08_12_20_33_35_020.jpg, C:\DataCar\Tracker\IMG\left_2021_08_12_20_33_35_020.jpg, C:\DataCar\Tracker\IMG\right_2021_08_12_20_33_35_020.jpg, 0, 0.5965452, 0, 22.58226
C:\DataCar\Tracker\IMG\center_2021_08_12_20_33_35_121.jpg, C:\DataCar\Tracker\IMG\left_2021_08_12_20_33_35_121.jpg, C:\DataCar\Tracker\IMG\right_2021_08_12_20_33_35_121.jpg, 0, 0.9019995, 0, 23.27542
C:\DataCar\Tracker\IMG\center_2021_08_12_20_33_35_225.jpg, C:\DataCar\Tracker\IMG\left_2021_08_12_20_33_35_225.jpg, C:\DataCar\Tracker\IMG\right_2021_08_12_20_33_35_225.jpg, 0, 1, 0, 24.22457
C:\DataCar\Tracker\IMG\center_2021_08_12_20_33_35_325.jpg, C:\DataCar\Tracker\IMG\left_2021_08_12_20_33_35_325.jpg, C:\DataCar\Tracker\IMG\right_2021_08_12_20_33_35_325.jpg, 0, 1, 0, 25.19186
C:\DataCar\Tracker\IMG\center_2021_08_12_20_33_35_431.jpg, C:\DataCar\Tracker\IMG\left_2021_08_12_20_33_35_431.jpg, C:\DataCar\Tracker\IMG\right_2021_08_12_20_33_35_431.jpg, 0, 0.8604579, 0, 26.10814
C:\DataCar\Tracker\IMG\center_2021_08_12_20_33_35_534.jpg, C:\DataCar\Tracker\IMG\left_2021_08_12_20_33_35_534.jpg, C:\DataCar\Tracker\IMG\right_2021_08_12_20_33_35_534.jpg, -0.2681001, 0.5460924, 0, 26.66517
C:\DataCar\Tracker\IMG\center_2021_08_12_20_33_35_638.jpg, C:\DataCar\Tracker\IMG\left_2021_08_12_20_33_35_638.jpg, C:\DataCar\Tracker\IMG\right_2021_08_12_20_33_35_638.jpg, -0.1736196, 0.1900545, 0, 26.79086
C:\DataCar\Tracker\IMG\center_2021_08_12_20_33_35_742.jpg, C:\DataCar\Tracker\IMG\left_2021_08_12_20_33_35_742.jpg, C:\DataCar\Tracker\IMG\right_2021_08_12_20_33_35_742.jpg, 0, 0, 0, 26.59197
C:\DataCar\Tracker\IMG\center_2021_08_12_20_33_35_845.jpg, C:\DataCar\Tracker\IMG\left_2021_08_12_20_33_35_845.jpg, C:\DataCar\Tracker\IMG\right_2021_08_12_20_33_35_845.jpg, 0, 0, 0, 26.32078
C:\DataCar\Tracker\IMG\center_2021_08_12_20_33_35_946.jpg, C:\DataCar\Tracker\IMG\left_2021_08_12_20_33_35_946.jpg, C:\DataCar\Tracker\IMG\right_2021_08_12_20_33_35_946.jpg, 0, 0.2844837, 0, 26.20291
C:\DataCar\Tracker\IMG\center_2021_08_12_20_33_36_052.jpg, C:\DataCar\Tracker\IMG\left_2021_08_12_20_33_36_052.jpg, C:\DataCar\Tracker\IMG\right_2021_08_12_20_33_36_052.jpg, 0, 0.5694926, 0, 26.46158
C:\DataCar\Tracker\IMG\center_2021_08_12_20_33_36_157.jpg, C:\DataCar\Tracker\IMG\left_2021_08_12_20_33_36_157.jpg, C:\DataCar\Tracker\IMG\right_2021_08_12_20_33_36_157.jpg, 0, 0.932195, 0, 27.24037
C:\DataCar\Tracker\IMG\center_2021_08_12_20_33_36_257.jpg, C:\DataCar\Tracker\IMG\left_2021_08_12_20_33_36_257.jpg, C:\DataCar\Tracker\IMG\right_2021_08_12_20_33_36_257.jpg, 0, 0.9312013, 0, 28.16339
C:\DataCar\Tracker\IMG\center_2021_08_12_20_33_36_365.jpg, C:\DataCar\Tracker\IMG\left_2021_08_12_20_33_36_365.jpg, C:\DataCar\Tracker\IMG\right_2021_08_12_20_33_36_365.jpg, -0.1343847, 0.6322842, 0, 28.82891
C:\DataCar\Tracker\IMG\center_2021_08_12_20_33_36_469.jpg, C:\DataCar\Tracker\IMG\left_2021_08_12_20_33_36_469.jpg, C:\DataCar\Tracker\IMG\right_2021_08_12_20_33_36_469.jpg, -0.3601371, 0.3215905, 0, 29.02189
C:\DataCar\Tracker\IMG\center_2021_08_12_20_33_36_572.jpg, C:\DataCar\Tracker\IMG\left_2021_08_12_20_33_36_572.jpg, C:\DataCar\Tracker\IMG\right_2021_08_12_20_33_36_572.jpg, -0.07091543, 0.07675506, 0, 28.94325
C:\DataCar\Tracker\IMG\center_2021_08_12_20_33_36_678.jpg, C:\DataCar\Tracker\IMG\left_2021_08_12_20_33_36_678.jpg, C:\DataCar\Tracker\IMG\right_2021_08_12_20_33_36_678.jpg, 0, 0.4386742, 0, 28.94916
C:\DataCar\Tracker\IMG\center_2021_08_12_20_33_36_780.jpg, C:\DataCar\Tracker\IMG\left_2021_08_12_20_33_36_780.jpg, C:\DataCar\Tracker\IMG\right_2021_08_12_20_33_36_780.jpg, 0, 0.7455765, 0, 29.35815
C:\DataCar\Tracker\IMG\center_2021_08_12_20_33_36_880.jpg, C:\DataCar\Tracker\IMG\left_2021_08_12_20_33_36_880.jpg, C:\DataCar\Tracker\IMG\right_2021_08_12_20_33_36_880.jpg, 0, 0.9788029, 0, 30.12694
C:\DataCar\Tracker\IMG\center_2021_08_12_20_33_36_985.jpg, C:\DataCar\Tracker\IMG\left_2021_08_12_20_33_36_985.jpg, C:\DataCar\Tracker\IMG\right_2021_08_12_20_33_36_985.jpg, 0, 0.6845741, 0, 30.1224
C:\DataCar\Tracker\IMG\center_2021_08_12_20_33_37_090.jpg, C:\DataCar\Tracker\IMG\left_2021_08_12_20_33_37_090.jpg, C:\DataCar\Tracker\IMG\right_2021_08_12_20_33_37_090.jpg, -0.1235433, 0.3903287, 0, 30.0443
C:\DataCar\Tracker\IMG\center_2021_08_12_20_33_37_193.jpg, C:\DataCar\Tracker\IMG\left_2021_08_12_20_33_37_193.jpg, C:\DataCar\Tracker\IMG\right_2021_08_12_20_33_37_193.jpg, -0.4333449, 0.08052711, 0, 29.85214
C:\DataCar\Tracker\IMG\center_2021_08_12_20_33_37_293.jpg, C:\DataCar\Tracker\IMG\left_2021_08_12_20_33_37_293.jpg, C:\DataCar\Tracker\IMG\right_2021_08_12_20_33_37_293.jpg, -0.4674056, 0, 0, 29.33848
C:\DataCar\Tracker\IMG\center_2021_08_12_20_33_37_400.jpg, C:\DataCar\Tracker\IMG\left_2021_08_12_20_33_37_400.jpg, C:\DataCar\Tracker\IMG\right_2021_08_12_20_33_37_400.jpg, -0.1074905, 0.0666024, 0, 28.99125
C:\DataCar\Tracker\IMG\center_2021_08_12_20_33_37_504.jpg, C:\DataCar\Tracker\IMG\left_2021_08_12_20_33_37_504.jpg, C:\DataCar\Tracker\IMG\right_2021_08_12_20_33_37_504.jpg, 0, 0.3600798, 0, 28.92858
C:\DataCar\Tracker\IMG\center_2021_08_12_20_33_37_608.jpg, C:\DataCar\Tracker\IMG\left_2021_08_12_20_33_37_608.jpg, C:\DataCar\Tracker\IMG\right_2021_08_12_20_33_37_608.jpg, 0, 0.6504669, 0, 29.24862
C:\DataCar\Tracker\IMG\center_2021_08_12_20_33_37_709.jpg, C:\DataCar\Tracker\IMG\left_2021_08_12_20_33_37_709.jpg, C:\DataCar\Tracker\IMG\right_2021_08_12_20_33_37_709.jpg, 0, 0.9566274, 0, 29.92716
C:\DataCar\Tracker\IMG\center_2021_08_12_20_33_37_816.jpg, C:\DataCar\Tracker\IMG\left_2021_08_12_20_33_37_816.jpg, C:\DataCar\Tracker\IMG\right_2021_08_12_20_33_37_816.jpg, 0, 1, 0, 30.19036
C:\DataCar\Tracker\IMG\center_2021_08_12_20_33_37_923.jpg, C:\DataCar\Tracker\IMG\left_2021_08_12_20_33_37_923.jpg, C:\DataCar\Tracker\IMG\right_2021_08_12_20_33_37_923.jpg, 0, 1, 0, 30.19028
C:\DataCar\Tracker\IMG\center_2021_08_12_20_33_38_023.jpg, C:\DataCar\Tracker\IMG\left_2021_08_12_20_33_38_023.jpg, C:\DataCar\Tracker\IMG\right_2021_08_12_20_33_38_023.jpg, 0, 1, 0, 30.19006
C:\DataCar\Tracker\IMG\center_2021_08_12_20_33_38_132.jpg, C:\DataCar\Tracker\IMG\left_2021_08_12_20_33_38_132.jpg, C:\DataCar\Tracker\IMG\right_2021_08_12_20_33_38_132.jpg, 0, 1, 0, 30.19018
C:\DataCar\Tracker\IMG\center_2021_08_12_20_33_38_237.jpg, C:\DataCar\Tracker\IMG\left_2021_08_12_20_33_38_237.jpg, C:\DataCar\Tracker\IMG\right_2021_08_12_20_33_38_237.jpg, 0, 1, 0, 30.1899
C:\DataCar\Tracker\IMG\center_2021_08_12_20_33_38_337.jpg, C:\DataCar\Tracker\IMG\left_2021_08_12_20_33_38_337.jpg, C:\DataCar\Tracker\IMG\right_2021_08_12_20_33_38_337.jpg, 0, 0.8786929, 0, 30.16701
C:\DataCar\Tracker\IMG\center_2021_08_12_20_33_38_444.jpg, C:\DataCar\Tracker\IMG\left_2021_08_12_20_33_38_444.jpg, C:\DataCar\Tracker\IMG\right_2021_08_12_20_33_38_444.jpg, 0, 0.5845594, 0, 30.09186
C:\DataCar\Tracker\IMG\center_2021_08_12_20_33_38_547.jpg, C:\DataCar\Tracker\IMG\left_2021_08_12_20_33_38_547.jpg, C:\DataCar\Tracker\IMG\right_2021_08_12_20_33_38_547.jpg, -0.3087183, 0.2758412, 0, 29.99128
C:\DataCar\Tracker\IMG\center_2021_08_12_20_33_38_648.jpg, C:\DataCar\Tracker\IMG\left_2021_08_12_20_33_38_648.jpg, C:\DataCar\Tracker\IMG\right_2021_08_12_20_33_38_648.jpg, -0.07480888, 0, 0, 29.82227
C:\DataCar\Tracker\IMG\center_2021_08_12_20_33_38_751.jpg, C:\DataCar\Tracker\IMG\left_2021_08_12_20_33_38_751.jpg, C:\DataCar\Tracker\IMG\right_2021_08_12_20_33_38_751.jpg, 0, 0.1030614, 0, 29.53205
C:\DataCar\Tracker\IMG\center_2021_08_12_20_33_38_857.jpg, C:\DataCar\Tracker\IMG\left_2021_08_12_20_33_38_857.jpg, C:\DataCar\Tracker\IMG\right_2021_08_12_20_33_38_857.jpg, 0, 0.4583991, 0, 29.58052
C:\DataCar\Tracker\IMG\center_2021_08_12_20_33_38_959.jpg, C:\DataCar\Tracker\IMG\left_2021_08_12_20_33_38_959.jpg, C:\DataCar\Tracker\IMG\right_2021_08_12_20_33_38_959.jpg, 0, 0.7641463, 0, 30.01497
C:\DataCar\Tracker\IMG\center_2021_08_12_20_33_39_062.jpg, C:\DataCar\Tracker\IMG\left_2021_08_12_20_33_39_062.jpg, C:\DataCar\Tracker\IMG\right_2021_08_12_20_33_39_062.jpg, 0, 1, 0, 30.19237
C:\DataCar\Tracker\IMG\center_2021_08_12_20_33_39_169.jpg, C:\DataCar\Tracker\IMG\left_2021_08_12_20_33_39_169.jpg, C:\DataCar\Tracker\IMG\right_2021_08_12_20_33_39_169.jpg, 0, 1, 0, 30.19028
C:\DataCar\Tracker\IMG\center_2021_08_12_20_33_39_276.jpg, C:\DataCar\Tracker\IMG\left_2021_08_12_20_33_39_276.jpg, C:\DataCar\Tracker\IMG\right_2021_08_12_20_33_39_276.jpg, 0, 1, 0, 30.19027
C:\DataCar\Tracker\IMG\center_2021_08_12_20_33_39_381.jpg, C:\DataCar\Tracker\IMG\left_2021_08_12_20_33_39_381.jpg, C:\DataCar\Tracker\IMG\right_2021_08_12_20_33_39_381.jpg, 0, 1, 0, 30.19029
C:\DataCar\Tracker\IMG\center_2021_08_12_20_33_39_480.jpg, C:\DataCar\Tracker\IMG\left_2021_08_12_20_33_39_480.jpg, C:\DataCar\Tracker\IMG\right_2021_08_12_20_33_39_480.jpg, 0, 1, 0, 30.19087
C:\DataCar\Tracker\IMG\center_2021_08_12_20_33_39_582.jpg, C:\DataCar\Tracker\IMG\left_2021_08_12_20_33_39_582.jpg, C:\DataCar\Tracker\IMG\right_2021_08_12_20_33_39_582.jpg, -0.0257988, 0.8280499, 0, 30.16199
C:\DataCar\Tracker\IMG\center_2021_08_12_20_33_39_687.jpg, C:\DataCar\Tracker\IMG\left_2021_08_12_20_33_39_687.jpg, C:\DataCar\Tracker\IMG\right_2021_08_12_20_33_39_687.jpg, -0.322467, 0.5313817, 0, 30.05925
C:\DataCar\Tracker\IMG\center_2021_08_12_20_33_39_795.jpg, C:\DataCar\Tracker\IMG\left_2021_08_12_20_33_39_795.jpg, C:\DataCar\Tracker\IMG\right_2021_08_12_20_33_39_795.jpg, -0.02539232, 0.1887658, 0, 29.99058
C:\DataCar\Tracker\IMG\center_2021_08_12_20_33_39_901.jpg, C:\DataCar\Tracker\IMG\left_2021_08_12_20_33_39_901.jpg, C:\DataCar\Tracker\IMG\right_2021_08_12_20_33_39_901.jpg, 0, 0, 0, 29.75713
C:\DataCar\Tracker\IMG\center_2021_08_12_20_33_40_007.jpg, C:\DataCar\Tracker\IMG\left_2021_08_12_20_33_40_007.jpg, C:\DataCar\Tracker\IMG\right_2021_08_12_20_33_40_007.jpg, 0, 0.2908983, 0, 29.62193
C:\DataCar\Tracker\IMG\center_2021_08_12_20_33_40_107.jpg, C:\DataCar\Tracker\IMG\left_2021_08_12_20_33_40_107.jpg, C:\DataCar\Tracker\IMG\right_2021_08_12_20_33_40_107.jpg, 0, 0.597939, 0, 29.85975
C:\DataCar\Tracker\IMG\center_2021_08_12_20_33_40_213.jpg, C:\DataCar\Tracker\IMG\left_2021_08_12_20_33_40_213.jpg, C:\DataCar\Tracker\IMG\right_2021_08_12_20_33_40_213.jpg, 0, 0.8918551, 0, 30.1499
C:\DataCar\Tracker\IMG\center_2021_08_12_20_33_40_318.jpg, C:\DataCar\Tracker\IMG\left_2021_08_12_20_33_40_318.jpg, C:\DataCar\Tracker\IMG\right_2021_08_12_20_33_40_318.jpg, -0.1009716, 0.8181901, 0, 30.15389
C:\DataCar\Tracker\IMG\center_2021_08_12_20_33_40_424.jpg, C:\DataCar\Tracker\IMG\left_2021_08_12_20_33_40_424.jpg, C:\DataCar\Tracker\IMG\right_2021_08_12_20_33_40_424.jpg, -0.3980076, 0.5211542, 0, 30.04683
C:\DataCar\Tracker\IMG\center_2021_08_12_20_33_40_525.jpg, C:\DataCar\Tracker\IMG\left_2021_08_12_20_33_40_525.jpg, C:\DataCar\Tracker\IMG\right_2021_08_12_20_33_40_525.jpg, -0.138579, 0.2206322, 0, 30.00641
C:\DataCar\Tracker\IMG\center_2021_08_12_20_33_40_626.jpg, C:\DataCar\Tracker\IMG\left_2021_08_12_20_33_40_626.jpg, C:\DataCar\Tracker\IMG\right_2021_08_12_20_33_40_626.jpg, 0, 0.0677757, 0, 29.78726
C:\DataCar\Tracker\IMG\center_2021_08_12_20_33_40_731.jpg, C:\DataCar\Tracker\IMG\left_2021_08_12_20_33_40_731.jpg, C:\DataCar\Tracker\IMG\right_2021_08_12_20_33_40_731.jpg, 0, 0.3574965, 0, 29.73735
C:\DataCar\Tracker\IMG\center_2021_08_12_20_33_40_838.jpg, C:\DataCar\Tracker\IMG\left_2021_08_12_20_33_40_838.jpg, C:\DataCar\Tracker\IMG\right_2021_08_12_20_33_40_838.jpg, 0, 0.7198642, 0, 30.10855
C:\DataCar\Tracker\IMG\center_2021_08_12_20_33_40_938.jpg, C:\DataCar\Tracker\IMG\left_2021_08_12_20_33_40_938.jpg, C:\DataCar\Tracker\IMG\right_2021_08_12_20_33_40_938.jpg, -0.0393228, 0.7873189, 0, 30.14536
C:\DataCar\Tracker\IMG\center_2021_08_12_20_33_41_044.jpg, C:\DataCar\Tracker\IMG\left_2021_08_12_20_33_41_044.jpg, C:\DataCar\Tracker\IMG\right_2021_08_12_20_33_41_044.jpg, -0.3387534, 0.4878883, 0, 30.04692
C:\DataCar\Tracker\IMG\center_2021_08_12_20_33_41_145.jpg, C:\DataCar\Tracker\IMG\left_2021_08_12_20_33_41_145.jpg, C:\DataCar\Tracker\IMG\right_2021_08_12_20_33_41_145.jpg, -0.3768579, 0.1875723, 0, 29.93055
C:\DataCar\Tracker\IMG\center_2021_08_12_20_33_41_247.jpg, C:\DataCar\Tracker\IMG\left_2021_08_12_20_33_41_247.jpg, C:\DataCar\Tracker\IMG\right_2021_08_12_20_33_41_247.jpg, -0.06957027, 0, 0, 29.70352
C:\DataCar\Tracker\IMG\center_2021_08_12_20_33_41_352.jpg, C:\DataCar\Tracker\IMG\left_2021_08_12_20_33_41_352.jpg, C:\DataCar\Tracker\IMG\right_2021_08_12_20_33_41_352.jpg, 0, 0.2622159, 0, 29.54428
C:\DataCar\Tracker\IMG\center_2021_08_12_20_33_41_460.jpg, C:\DataCar\Tracker\IMG\left_2021_08_12_20_33_41_460.jpg, C:\DataCar\Tracker\IMG\right_2021_08_12_20_33_41_460.jpg, 0, 0.6354159, 0, 29.84979
C:\DataCar\Tracker\IMG\center_2021_08_12_20_33_41_564.jpg, C:\DataCar\Tracker\IMG\left_2021_08_12_20_33_41_564.jpg, C:\DataCar\Tracker\IMG\right_2021_08_12_20_33_41_564.jpg, 0, 0.9277372, 0, 30.15603
C:\DataCar\Tracker\IMG\center_2021_08_12_20_33_41_668.jpg, C:\DataCar\Tracker\IMG\left_2021_08_12_20_33_41_668.jpg, C:\DataCar\Tracker\IMG\right_2021_08_12_20_33_41_668.jpg, 0, 1, 0, 30.18999
C:\DataCar\Tracker\IMG\center_2021_08_12_20_33_41_769.jpg, C:\DataCar\Tracker\IMG\left_2021_08_12_20_33_41_769.jpg, C:\DataCar\Tracker\IMG\right_2021_08_12_20_33_41_769.jpg, 0, 0.9367075, 0, 30.19031
C:\DataCar\Tracker\IMG\center_2021_08_12_20_33_41_875.jpg, C:\DataCar\Tracker\IMG\left_2021_08_12_20_33_41_875.jpg, C:\DataCar\Tracker\IMG\right_2021_08_12_20_33_41_875.jpg, 0, 0.5809694, 0, 30.09085
C:\DataCar\Tracker\IMG\center_2021_08_12_20_33_41_978.jpg, C:\DataCar\Tracker\IMG\left_2021_08_12_20_33_41_978.jpg, C:\DataCar\Tracker\IMG\right_2021_08_12_20_33_41_978.jpg, 0, 0.2715632, 0, 30.01714
C:\DataCar\Tracker\IMG\center_2021_08_12_20_33_42_081.jpg, C:\DataCar\Tracker\IMG\left_2021_08_12_20_33_42_081.jpg, C:\DataCar\Tracker\IMG\right_2021_08_12_20_33_42_081.jpg, 0, 0, 0, 29.85967
C:\DataCar\Tracker\IMG\center_2021_08_12_20_33_42_186.jpg, C:\DataCar\Tracker\IMG\left_2021_08_12_20_33_42_186.jpg, C:\DataCar\Tracker\IMG\right_2021_08_12_20_33_42_186.jpg, -0.0647151, 0, 0, 29.55717
C:\DataCar\Tracker\IMG\center_2021_08_12_20_33_42_289.jpg, C:\DataCar\Tracker\IMG\left_2021_08_12_20_33_42_289.jpg, C:\DataCar\Tracker\IMG\right_2021_08_12_20_33_42_289.jpg, -0.3566232, 0, 0, 29.18133
C:\DataCar\Tracker\IMG\center_2021_08_12_20_33_42_390.jpg, C:\DataCar\Tracker\IMG\left_2021_08_12_20_33_42_390.jpg, C:\DataCar\Tracker\IMG\right_2021_08_12_20_33_42_390.jpg, -0.07984353, 0, 0, 28.86632
C:\DataCar\Tracker\IMG\center_2021_08_12_20_33_42_493.jpg, C:\DataCar\Tracker\IMG\left_2021_08_12_20_33_42_493.jpg, C:\DataCar\Tracker\IMG\right_2021_08_12_20_33_42_493.jpg, 0, 0.2553078, 0, 28.71596
C:\DataCar\Tracker\IMG\center_2021_08_12_20_33_42_598.jpg, C:\DataCar\Tracker\IMG\left_2021_08_12_20_33_42_598.jpg, C:\DataCar\Tracker\IMG\right_2021_08_12_20_33_42_598.jpg, 0, 0.6195753, 0, 29.02441
C:\DataCar\Tracker\IMG\center_2021_08_12_20_33_42_699.jpg, C:\DataCar\Tracker\IMG\left_2021_08_12_20_33_42_699.jpg, C:\DataCar\Tracker\IMG\right_2021_08_12_20_33_42_699.jpg, 0, 0.925689, 0, 29.65672
C:\DataCar\Tracker\IMG\center_2021_08_12_20_33_42_805.jpg, C:\DataCar\Tracker\IMG\left_2021_08_12_20_33_42_805.jpg, C:\DataCar\Tracker\IMG\right_2021_08_12_20_33_42_805.jpg, 0, 1, 0, 30.18954
C:\DataCar\Tracker\IMG\center_2021_08_12_20_33_42_909.jpg, C:\DataCar\Tracker\IMG\left_2021_08_12_20_33_42_909.jpg, C:\DataCar\Tracker\IMG\right_2021_08_12_20_33_42_909.jpg, 0, 1, 0, 30.19033
C:\DataCar\Tracker\IMG\center_2021_08_12_20_33_43_013.jpg, C:\DataCar\Tracker\IMG\left_2021_08_12_20_33_43_013.jpg, C:\DataCar\Tracker\IMG\right_2021_08_12_20_33_43_013.jpg, 0, 1, 0, 30.19026
C:\DataCar\Tracker\IMG\center_2021_08_12_20_33_43_119.jpg, C:\DataCar\Tracker\IMG\left_2021_08_12_20_33_43_119.jpg, C:\DataCar\Tracker\IMG\right_2021_08_12_20_33_43_119.jpg, 0, 1, 0, 30.19029
C:\DataCar\Tracker\IMG\center_2021_08_12_20_33_43_224.jpg, C:\DataCar\Tracker\IMG\left_2021_08_12_20_33_43_224.jpg, C:\DataCar\Tracker\IMG\right_2021_08_12_20_33_43_224.jpg, 0, 0.8395546, 0, 30.16262
C:\DataCar\Tracker\IMG\center_2021_08_12_20_33_43_324.jpg, C:\DataCar\Tracker\IMG\left_2021_08_12_20_33_43_324.jpg, C:\DataCar\Tracker\IMG\right_2021_08_12_20_33_43_324.jpg, -0.2797368, 0.5385121, 0, 30.06643
C:\DataCar\Tracker\IMG\center_2021_08_12_20_33_43_433.jpg, C:\DataCar\Tracker\IMG\left_2021_08_12_20_33_43_433.jpg, C:\DataCar\Tracker\IMG\right_2021_08_12_20_33_43_433.jpg, -0.2342723, 0.2284272, 0, 30.00946
C:\DataCar\Tracker\IMG\center_2021_08_12_20_33_43_534.jpg, C:\DataCar\Tracker\IMG\left_2021_08_12_20_33_43_534.jpg, C:\DataCar\Tracker\IMG\right_2021_08_12_20_33_43_534.jpg, 0, 0.2029524, 0, 29.85355
C:\DataCar\Tracker\IMG\center_2021_08_12_20_33_43_641.jpg, C:\DataCar\Tracker\IMG\left_2021_08_12_20_33_43_641.jpg, C:\DataCar\Tracker\IMG\right_2021_08_12_20_33_43_641.jpg, 0, 0.5763246, 0, 30.05579
C:\DataCar\Tracker\IMG\center_2021_08_12_20_33_43_743.jpg, C:\DataCar\Tracker\IMG\left_2021_08_12_20_33_43_743.jpg, C:\DataCar\Tracker\IMG\right_2021_08_12_20_33_43_743.jpg, 0, 0.8681843, 0, 30.14507
C:\DataCar\Tracker\IMG\center_2021_08_12_20_33_43_847.jpg, C:\DataCar\Tracker\IMG\left_2021_08_12_20_33_43_847.jpg, C:\DataCar\Tracker\IMG\right_2021_08_12_20_33_43_847.jpg, 0, 1, 0, 30.18981
C:\DataCar\Tracker\IMG\center_2021_08_12_20_33_43_949.jpg, C:\DataCar\Tracker\IMG\left_2021_08_12_20_33_43_949.jpg, C:\DataCar\Tracker\IMG\right_2021_08_12_20_33_43_949.jpg, 0, 1, 0, 30.1903
C:\DataCar\Tracker\IMG\center_2021_08_12_20_33_44_054.jpg, C:\DataCar\Tracker\IMG\left_2021_08_12_20_33_44_054.jpg, C:\DataCar\Tracker\IMG\right_2021_08_12_20_33_44_054.jpg, 0, 1, 0, 30.1903
C:\DataCar\Tracker\IMG\center_2021_08_12_20_33_44_156.jpg, C:\DataCar\Tracker\IMG\left_2021_08_12_20_33_44_156.jpg, C:\DataCar\Tracker\IMG\right_2021_08_12_20_33_44_156.jpg, 0, 1, 0, 30.19029
C:\DataCar\Tracker\IMG\center_2021_08_12_20_33_44_258.jpg, C:\DataCar\Tracker\IMG\left_2021_08_12_20_33_44_258.jpg, C:\DataCar\Tracker\IMG\right_2021_08_12_20_33_44_258.jpg, 0, 1, 0, 30.19034
C:\DataCar\Tracker\IMG\center_2021_08_12_20_33_44_357.jpg, C:\DataCar\Tracker\IMG\left_2021_08_12_20_33_44_357.jpg, C:\DataCar\Tracker\IMG\right_2021_08_12_20_33_44_357.jpg, 0, 1, 0, 30.1903
C:\DataCar\Tracker\IMG\center_2021_08_12_20_33_44_465.jpg, C:\DataCar\Tracker\IMG\left_2021_08_12_20_33_44_465.jpg, C:\DataCar\Tracker\IMG\right_2021_08_12_20_33_44_465.jpg, 0, 1, 0, 30.19032
C:\DataCar\Tracker\IMG\center_2021_08_12_20_33_44_570.jpg, C:\DataCar\Tracker\IMG\left_2021_08_12_20_33_44_570.jpg, C:\DataCar\Tracker\IMG\right_2021_08_12_20_33_44_570.jpg, 0, 1, 0, 30.19024
C:\DataCar\Tracker\IMG\center_2021_08_12_20_33_44_678.jpg, C:\DataCar\Tracker\IMG\left_2021_08_12_20_33_44_678.jpg, C:\DataCar\Tracker\IMG\right_2021_08_12_20_33_44_678.jpg, 0, 1, 0, 30.19027
C:\DataCar\Tracker\IMG\center_2021_08_12_20_33_44_781.jpg, C:\DataCar\Tracker\IMG\left_2021_08_12_20_33_44_781.jpg, C:\DataCar\Tracker\IMG\right_2021_08_12_20_33_44_781.jpg, 0, 0.690859, 0, 30.12939
C:\DataCar\Tracker\IMG\center_2021_08_12_20_33_44_889.jpg, C:\DataCar\Tracker\IMG\left_2021_08_12_20_33_44_889.jpg, C:\DataCar\Tracker\IMG\right_2021_08_12_20_33_44_889.jpg, 0, 0.3917904, 0, 30.05327
C:\DataCar\Tracker\IMG\center_2021_08_12_20_33_44_991.jpg, C:\DataCar\Tracker\IMG\left_2021_08_12_20_33_44_991.jpg, C:\DataCar\Tracker\IMG\right_2021_08_12_20_33_44_991.jpg, 0, 0.08536353, 0, 29.96352
C:\DataCar\Tracker\IMG\center_2021_08_12_20_33_45_092.jpg, C:\DataCar\Tracker\IMG\left_2021_08_12_20_33_45_092.jpg, C:\DataCar\Tracker\IMG\right_2021_08_12_20_33_45_092.jpg, 0, 0, 0, 29.67439
C:\DataCar\Tracker\IMG\center_2021_08_12_20_33_45_201.jpg, C:\DataCar\Tracker\IMG\left_2021_08_12_20_33_45_201.jpg, C:\DataCar\Tracker\IMG\right_2021_08_12_20_33_45_201.jpg, -0.0565281, 0, 0, 29.31635
C:\DataCar\Tracker\IMG\center_2021_08_12_20_33_45_305.jpg, C:\DataCar\Tracker\IMG\left_2021_08_12_20_33_45_305.jpg, C:\DataCar\Tracker\IMG\right_2021_08_12_20_33_45_305.jpg, -0.3526869, 0, 0, 28.94815
C:\DataCar\Tracker\IMG\center_2021_08_12_20_33_45_407.jpg, C:\DataCar\Tracker\IMG\left_2021_08_12_20_33_45_407.jpg, C:\DataCar\Tracker\IMG\right_2021_08_12_20_33_45_407.jpg, -0.05917795, 0, 0, 28.64242
C:\DataCar\Tracker\IMG\center_2021_08_12_20_33_45_513.jpg, C:\DataCar\Tracker\IMG\left_2021_08_12_20_33_45_513.jpg, C:\DataCar\Tracker\IMG\right_2021_08_12_20_33_45_513.jpg, 0, 0.0476373, 0, 28.34958
C:\DataCar\Tracker\IMG\center_2021_08_12_20_33_45_621.jpg, C:\DataCar\Tracker\IMG\left_2021_08_12_20_33_45_621.jpg, C:\DataCar\Tracker\IMG\right_2021_08_12_20_33_45_621.jpg, -0.3217353, 0.4159461, 0, 28.31446
C:\DataCar\Tracker\IMG\center_2021_08_12_20_33_45_722.jpg, C:\DataCar\Tracker\IMG\left_2021_08_12_20_33_45_722.jpg, C:\DataCar\Tracker\IMG\right_2021_08_12_20_33_45_722.jpg, -0.6261435, 0.7203543, 0, 28.49193
C:\DataCar\Tracker\IMG\center_2021_08_12_20_33_45_830.jpg, C:\DataCar\Tracker\IMG\left_2021_08_12_20_33_45_830.jpg, C:\DataCar\Tracker\IMG\right_2021_08_12_20_33_45_830.jpg, -0.5157858, 0.8134632, 0, 29.00461
C:\DataCar\Tracker\IMG\center_2021_08_12_20_33_45_937.jpg, C:\DataCar\Tracker\IMG\left_2021_08_12_20_33_45_937.jpg, C:\DataCar\Tracker\IMG\right_2021_08_12_20_33_45_937.jpg, -0.1724559, 0.4701333, 0, 29.60925
C:\DataCar\Tracker\IMG\center_2021_08_12_20_33_46_040.jpg, C:\DataCar\Tracker\IMG\left_2021_08_12_20_33_46_040.jpg, C:\DataCar\Tracker\IMG\right_2021_08_12_20_33_46_040.jpg, 0, 0.1592422, 0, 29.68559
C:\DataCar\Tracker\IMG\center_2021_08_12_20_33_46_143.jpg, C:\DataCar\Tracker\IMG\left_2021_08_12_20_33_46_143.jpg, C:\DataCar\Tracker\IMG\right_2021_08_12_20_33_46_143.jpg, 0.176475, 0, 0, 29.39584
C:\DataCar\Tracker\IMG\center_2021_08_12_20_33_46_251.jpg, C:\DataCar\Tracker\IMG\left_2021_08_12_20_33_46_251.jpg, C:\DataCar\Tracker\IMG\right_2021_08_12_20_33_46_251.jpg, 0.4746366, 0, 0, 28.90798
C:\DataCar\Tracker\IMG\center_2021_08_12_20_33_46_358.jpg, C:\DataCar\Tracker\IMG\left_2021_08_12_20_33_46_358.jpg, C:\DataCar\Tracker\IMG\right_2021_08_12_20_33_46_358.jpg, 0.1047819, 0, 0, 28.51389
C:\DataCar\Tracker\IMG\center_2021_08_12_20_33_46_467.jpg, C:\DataCar\Tracker\IMG\left_2021_08_12_20_33_46_467.jpg, C:\DataCar\Tracker\IMG\right_2021_08_12_20_33_46_467.jpg, 0, 0, 0, 28.20295
C:\DataCar\Tracker\IMG\center_2021_08_12_20_33_46_579.jpg, C:\DataCar\Tracker\IMG\left_2021_08_12_20_33_46_579.jpg, C:\DataCar\Tracker\IMG\right_2021_08_12_20_33_46_579.jpg, 0, 0, 0, 27.84077
C:\DataCar\Tracker\IMG\center_2021_08_12_20_33_46_681.jpg, C:\DataCar\Tracker\IMG\left_2021_08_12_20_33_46_681.jpg, C:\DataCar\Tracker\IMG\right_2021_08_12_20_33_46_681.jpg, 0, 0, 0, 27.50107
C:\DataCar\Tracker\IMG\center_2021_08_12_20_33_46_783.jpg, C:\DataCar\Tracker\IMG\left_2021_08_12_20_33_46_783.jpg, C:\DataCar\Tracker\IMG\right_2021_08_12_20_33_46_783.jpg, 0, 0, 0, 27.17977
C:\DataCar\Tracker\IMG\center_2021_08_12_20_33_46_890.jpg, C:\DataCar\Tracker\IMG\left_2021_08_12_20_33_46_890.jpg, C:\DataCar\Tracker\IMG\right_2021_08_12_20_33_46_890.jpg, 0, 0, 0, 26.84721
C:\DataCar\Tracker\IMG\center_2021_08_12_20_33_46_997.jpg, C:\DataCar\Tracker\IMG\left_2021_08_12_20_33_46_997.jpg, C:\DataCar\Tracker\IMG\right_2021_08_12_20_33_46_997.jpg, 0, 0, 0, 26.48455
C:\DataCar\Tracker\IMG\center_2021_08_12_20_33_47_103.jpg, C:\DataCar\Tracker\IMG\left_2021_08_12_20_33_47_103.jpg, C:\DataCar\Tracker\IMG\right_2021_08_12_20_33_47_103.jpg, 0, 0, 0, 26.15503
C:\DataCar\Tracker\IMG\center_2021_08_12_20_33_47_206.jpg, C:\DataCar\Tracker\IMG\left_2021_08_12_20_33_47_206.jpg, C:\DataCar\Tracker\IMG\right_2021_08_12_20_33_47_206.jpg, 0, 0, 0, 25.86483
C:\DataCar\Tracker\IMG\center_2021_08_12_20_33_47_312.jpg, C:\DataCar\Tracker\IMG\left_2021_08_12_20_33_47_312.jpg, C:\DataCar\Tracker\IMG\right_2021_08_12_20_33_47_312.jpg, 0, 0, 0, 25.59419
C:\DataCar\Tracker\IMG\center_2021_08_12_20_33_47_416.jpg, C:\DataCar\Tracker\IMG\left_2021_08_12_20_33_47_416.jpg, C:\DataCar\Tracker\IMG\right_2021_08_12_20_33_47_416.jpg, 0, 0, 0, 25.22529
C:\DataCar\Tracker\IMG\center_2021_08_12_20_33_47_522.jpg, C:\DataCar\Tracker\IMG\left_2021_08_12_20_33_47_522.jpg, C:\DataCar\Tracker\IMG\right_2021_08_12_20_33_47_522.jpg, 0, 0, 0, 24.96758
C:\DataCar\Tracker\IMG\center_2021_08_12_20_33_47_623.jpg, C:\DataCar\Tracker\IMG\left_2021_08_12_20_33_47_623.jpg, C:\DataCar\Tracker\IMG\right_2021_08_12_20_33_47_623.jpg, 0, 0, 0, 24.64852
